"","diff","lwr","upr","p adj"
"HET:BaseOsc-No Cre:BaseOsc",0.00274694377629991,-0.324820185196259,0.330314072748859,1
"KO:BaseOsc-No Cre:BaseOsc",0.0016922891863107,-0.334981639254547,0.338366217627168,1
"No Cre:BasePeaks-No Cre:BaseOsc",0.722202350900049,0.350994753690997,1.0934099481091,4.08023725917417e-10
"HET:BasePeaks-No Cre:BaseOsc",0.966405553429747,0.638838424457187,1.29397268240231,2.39808173319034e-13
"KO:BasePeaks-No Cre:BaseOsc",0.770202845295949,0.433528916855092,1.10687677373681,2.79554157600614e-13
"No Cre:GlucOsc-No Cre:BaseOsc",0.144622190168035,-0.226585407041017,0.515829787377087,0.999428493095857
"HET:GlucOsc-No Cre:BaseOsc",0.133864468225557,-0.193702660747003,0.461431597198116,0.998808718964455
"KO:GlucOsc-No Cre:BaseOsc",0.149812380081125,-0.186861548359733,0.486486308521982,0.995920101376445
"No Cre:GlucPeaks-No Cre:BaseOsc",11.3313268885065,10.9601192912974,11.7025344857155,0
"HET:GlucPeaks-No Cre:BaseOsc",12.9258557252557,12.5982885962832,13.2534228542283,0
"KO:GlucPeaks-No Cre:BaseOsc",11.8919212223909,11.55524729395,12.2285951508317,0
"No Cre:GlucResp-No Cre:BaseOsc",0.45658146613056,0.0853738689215084,0.827789063339612,0.00186765775372988
"HET:GlucResp-No Cre:BaseOsc",0.63721171959272,0.309644590620161,0.96477884856528,4.10842471154638e-10
"KO:GlucResp-No Cre:BaseOsc",0.472046096491944,0.135372168051086,0.808720024932801,8.97050358358298e-05
"No Cre:KClOsc-No Cre:BaseOsc",0.0841362014770684,-0.287071395731984,0.45534379868612,0.999999972176147
"HET:KClOsc-No Cre:BaseOsc",0.0751768463010287,-0.25239028267153,0.402743975273588,0.999999964172731
"KO:KClOsc-No Cre:BaseOsc",0.0894161994590128,-0.247257728981845,0.42609012789987,0.999999353273221
"No Cre:KClPeaks-No Cre:BaseOsc",2.56190641995164,2.19069882274258,2.93311401716069,0
"HET:KClPeaks-No Cre:BaseOsc",2.48942960841288,2.16186247944032,2.81699673738544,0
"KO:KClPeaks-No Cre:BaseOsc",2.67473745150171,2.33806352306086,3.01141137994257,0
"No Cre:KClResp-No Cre:BaseOsc",1.25625464779852,0.885047050589465,1.62746224500757,0
"HET:KClResp-No Cre:BaseOsc",1.26084416185861,0.93327703288605,1.58841129083117,0
"KO:KClResp-No Cre:BaseOsc",1.24750227400584,0.910828345564981,1.5841762024467,0
"KO:BaseOsc-HET:BaseOsc",-0.00105465458998921,-0.288899192230374,0.286789883050396,1
"No Cre:BasePeaks-HET:BaseOsc",0.719455407123749,0.39188827815119,1.04702253609631,6.95665747230123e-13
"HET:BasePeaks-HET:BaseOsc",0.963658609653447,0.686520796028289,1.2407964232786,0
"KO:BasePeaks-HET:BaseOsc",0.767455901519649,0.479611363879264,1.05530043916003,2.87436741075453e-13
"No Cre:GlucOsc-HET:BaseOsc",0.141875246391735,-0.185691882580824,0.469442375364294,0.997207957499238
"HET:GlucOsc-HET:BaseOsc",0.131117524449257,-0.146020289175901,0.408255338074414,0.990742207975294
"KO:GlucOsc-HET:BaseOsc",0.147065436304825,-0.14077910133556,0.43490997394521,0.976278741439876
"No Cre:GlucPeaks-HET:BaseOsc",11.3285799447302,11.0010128157576,11.6561470737027,0
"HET:GlucPeaks-HET:BaseOsc",12.9231087814794,12.6459709678543,13.2002465951046,0
"KO:GlucPeaks-HET:BaseOsc",11.8891742786146,11.6013297409742,12.177018816255,0
"No Cre:GlucResp-HET:BaseOsc",0.45383452235426,0.126267393381701,0.78140165132682,0.000122611363239988
"HET:GlucResp-HET:BaseOsc",0.634464775816421,0.357326962191263,0.911602589441578,2.79110068390764e-13
"KO:GlucResp-HET:BaseOsc",0.469299152715644,0.181454615075258,0.757143690356029,8.27582850582154e-07
"No Cre:KClOsc-HET:BaseOsc",0.0813892577007684,-0.246177871271791,0.408956386673328,0.999999824477901
"HET:KClOsc-HET:BaseOsc",0.0724299025247288,-0.204707911100429,0.349567716149887,0.999999526655978
"KO:KClOsc-HET:BaseOsc",0.0866692556827129,-0.201175281957672,0.374513793323098,0.999993079139682
"No Cre:KClPeaks-HET:BaseOsc",2.55915947617534,2.23159234720278,2.88672660514789,0
"HET:KClPeaks-HET:BaseOsc",2.48668266463658,2.20954485101142,2.76382047826173,0
"KO:KClPeaks-HET:BaseOsc",2.67199050772541,2.38414597008503,2.9598350453658,0
"No Cre:KClResp-HET:BaseOsc",1.25350770402222,0.925940575049658,1.58107483299478,0
"HET:KClResp-HET:BaseOsc",1.25809721808231,0.980959404457151,1.53523503170747,0
"KO:KClResp-HET:BaseOsc",1.24475533022954,0.956910792589153,1.53259986786992,0
"No Cre:BasePeaks-KO:BaseOsc",0.720510061713739,0.383836133272881,1.0571839901546,2.07489581072196e-12
"HET:BasePeaks-KO:BaseOsc",0.964713264243436,0.676868726603051,1.25255780188382,0
"KO:BasePeaks-KO:BaseOsc",0.768510556109639,0.470343509040581,1.0666776031787,2.29816166097407e-13
"No Cre:GlucOsc-KO:BaseOsc",0.142929900981724,-0.193744027459133,0.479603829422582,0.997906502761934
"HET:GlucOsc-KO:BaseOsc",0.132172179039246,-0.155672358601139,0.420016716679631,0.993745536867965
"KO:GlucOsc-KO:BaseOsc",0.148120090894814,-0.150046956174244,0.446287137963871,0.982983121127296
"No Cre:GlucPeaks-KO:BaseOsc",11.3296345993201,10.9929606708793,11.666308527761,0
"HET:GlucPeaks-KO:BaseOsc",12.9241634360694,12.636318898429,13.2120079737098,0
"KO:GlucPeaks-KO:BaseOsc",11.8902289332046,11.5920618861355,12.1883959802736,0
"No Cre:GlucResp-KO:BaseOsc",0.45488917694425,0.118215248503392,0.791563105385107,0.000230924989185644
"HET:GlucResp-KO:BaseOsc",0.63551943040641,0.347674892766025,0.923363968046795,5.79203351946944e-13
"KO:GlucResp-KO:BaseOsc",0.470353807305633,0.172186760236575,0.76852085437469,2.61236015453026e-06
"No Cre:KClOsc-KO:BaseOsc",0.0824439122907576,-0.2542300161501,0.419117840731615,0.99999986845467
"HET:KClOsc-KO:BaseOsc",0.073484557114718,-0.214359980525667,0.361329094755103,0.999999700629379
"KO:KClOsc-KO:BaseOsc",0.0877239102727021,-0.210443136796355,0.38589095734176,0.999995487952988
"No Cre:KClPeaks-KO:BaseOsc",2.56021413076532,2.22354020232447,2.89688805920618,0
"HET:KClPeaks-KO:BaseOsc",2.48773731922657,2.19989278158618,2.77558185686695,0
"KO:KClPeaks-KO:BaseOsc",2.6730451623154,2.37487811524635,2.97121220938446,0
"No Cre:KClResp-KO:BaseOsc",1.25456235861221,0.917888430171349,1.59123628705306,0
"HET:KClResp-KO:BaseOsc",1.2591518726723,0.971307335031913,1.54699641031268,0
"KO:KClResp-KO:BaseOsc",1.24580998481953,0.94764293775047,1.54397703188859,0
"HET:BasePeaks-No Cre:BasePeaks",0.244203202529697,-0.0833639264428618,0.571770331502257,0.506817747228603
"KO:BasePeaks-No Cre:BasePeaks",0.0480004943959,-0.288673434044957,0.384674422836758,0.999999999998562
"No Cre:GlucOsc-No Cre:BasePeaks",-0.577580160732014,-0.948787757941066,-0.206372563522962,4.12603806487777e-06
"HET:GlucOsc-No Cre:BasePeaks",-0.588337882674493,-0.915905011647052,-0.260770753701934,1.7769865134909e-08
"KO:GlucOsc-No Cre:BasePeaks",-0.572389970818925,-0.909063899259782,-0.235716042378067,1.71756007749657e-07
"No Cre:GlucPeaks-No Cre:BasePeaks",10.6091245376064,10.2379169403973,10.9803321348155,0
"HET:GlucPeaks-No Cre:BasePeaks",12.2036533743557,11.8760862453831,12.5312205033282,0
"KO:GlucPeaks-No Cre:BasePeaks",11.1697188714908,10.83304494305,11.5063927999317,0
"No Cre:GlucResp-No Cre:BasePeaks",-0.265620884769489,-0.636828481978541,0.105586712439563,0.594874565248809
"HET:GlucResp-No Cre:BasePeaks",-0.0849906313073288,-0.412557760279888,0.24257649766523,0.999999589063476
"KO:GlucResp-No Cre:BasePeaks",-0.250156254408106,-0.586830182848963,0.0865176740327518,0.514088714463014
"No Cre:KClOsc-No Cre:BasePeaks",-0.638066149422981,-1.00927374663203,-0.266858552213929,1.11279574777079e-07
"HET:KClOsc-No Cre:BasePeaks",-0.647025504599021,-0.97459263357158,-0.319458375626461,1.86251014611116e-10
"KO:KClOsc-No Cre:BasePeaks",-0.632786151441036,-0.969460079881894,-0.296112223000179,2.24022012051961e-09
"No Cre:KClPeaks-No Cre:BasePeaks",1.83970406905159,1.46849647184253,2.21091166626064,0
"HET:KClPeaks-No Cre:BasePeaks",1.76722725751283,1.43966012854027,2.09479438648539,0
"KO:KClPeaks-No Cre:BasePeaks",1.95253510060166,1.61586117216081,2.28920902904252,0
"No Cre:KClResp-No Cre:BasePeaks",0.534052296898468,0.162844699689416,0.90525989410752,4.44409520167222e-05
"HET:KClResp-No Cre:BasePeaks",0.53864181095856,0.211074681986,0.866208939931119,6.06982560324987e-07
"KO:KClResp-No Cre:BasePeaks",0.525299923105789,0.188625994664931,0.861973851546646,3.76693579262621e-06
"KO:BasePeaks-HET:BasePeaks",-0.196202708133797,-0.484047245774183,0.0916418295065878,0.691983157961248
"No Cre:GlucOsc-HET:BasePeaks",-0.821783363261712,-1.14935049223427,-0.494216234289152,2.9831692671678e-13
"HET:GlucOsc-HET:BasePeaks",-0.83254108520419,-1.10967889882935,-0.555403271579032,2.25042207091519e-13
"KO:GlucOsc-HET:BasePeaks",-0.816593173348622,-1.10443771098901,-0.528748635708237,2.41695552460897e-13
"No Cre:GlucPeaks-HET:BasePeaks",10.3649213350767,10.0373542061041,10.6924884640493,0
"HET:GlucPeaks-HET:BasePeaks",11.959450171826,11.6823123582008,12.2365879854511,0
"KO:GlucPeaks-HET:BasePeaks",10.9255156689611,10.6376711313207,11.2133602066015,0
"No Cre:GlucResp-HET:BasePeaks",-0.509824087299186,-0.837391216271746,-0.182256958326627,4.08737833568207e-06
"HET:GlucResp-HET:BasePeaks",-0.329193833837026,-0.606331647462184,-0.0520560202118683,0.0036599120124472
"KO:GlucResp-HET:BasePeaks",-0.494359456937803,-0.782203994578188,-0.206514919297418,1.15068178097033e-07
"No Cre:KClOsc-HET:BasePeaks",-0.882269351952678,-1.20983648092524,-0.554702222980119,2.49911202843123e-13
"HET:KClOsc-HET:BasePeaks",-0.891228707128718,-1.16836652075388,-0.61409089350356,0
"KO:KClOsc-HET:BasePeaks",-0.876989353970734,-1.16483389161112,-0.589144816330349,1.11910480882216e-13
"No Cre:KClPeaks-HET:BasePeaks",1.59550086652189,1.26793373754933,1.92306799549445,0
"HET:KClPeaks-HET:BasePeaks",1.52302405498313,1.24588624135797,1.80016186860829,0
"KO:KClPeaks-HET:BasePeaks",1.70833189807197,1.42048736043158,1.99617643571235,0
"No Cre:KClResp-HET:BasePeaks",0.28984909436877,-0.0377180346037888,0.61741622334133,0.174012873168916
"HET:KClResp-HET:BasePeaks",0.294438608428862,0.0173007948037043,0.57157642205402,0.0225751957299266
"KO:KClResp-HET:BasePeaks",0.281096720576091,-0.00674781706429373,0.568941258216477,0.0660180008274107
"No Cre:GlucOsc-KO:BasePeaks",-0.625580655127914,-0.962254583568772,-0.288906726687057,3.84372045303394e-09
"HET:GlucOsc-KO:BasePeaks",-0.636338377070393,-0.924182914710778,-0.348493839430008,5.57442980664291e-13
"KO:GlucOsc-KO:BasePeaks",-0.620390465214825,-0.918557512283882,-0.322223418145767,1.06070707772687e-11
"No Cre:GlucPeaks-KO:BasePeaks",10.5611240432105,10.2244501147696,10.8977979716514,0
"HET:GlucPeaks-KO:BasePeaks",12.1556528799598,11.8678083423194,12.4434974176002,0
"KO:GlucPeaks-KO:BasePeaks",11.1217183770949,10.8235513300259,11.419885424164,0
"No Cre:GlucResp-KO:BasePeaks",-0.313621379165389,-0.650295307606247,0.0230525492754686,0.108860592827528
"HET:GlucResp-KO:BasePeaks",-0.132991125703229,-0.420835663343614,0.154853411937156,0.993209719823098
"KO:GlucResp-KO:BasePeaks",-0.298156748804006,-0.596323795873063,1.02982650517225e-05,0.0500209034178144
"No Cre:KClOsc-KO:BasePeaks",-0.686066643818881,-1.02274057225974,-0.349392715378023,3.44955175535233e-11
"HET:KClOsc-KO:BasePeaks",-0.695025998994921,-0.982870536635306,-0.407181461354535,1.83741910575463e-13
"KO:KClOsc-KO:BasePeaks",-0.680786645836936,-0.978953692905994,-0.382619598767879,2.85660384236053e-13
"No Cre:KClPeaks-KO:BasePeaks",1.79170357465569,1.45502964621483,2.12837750309654,0
"HET:KClPeaks-KO:BasePeaks",1.71922676311693,1.43138222547654,2.00707130075731,0
"KO:KClPeaks-KO:BasePeaks",1.90453460620576,1.60636755913671,2.20270165327482,0
"No Cre:KClResp-KO:BasePeaks",0.486051802502568,0.14937787406171,0.822725730943425,4.0316862609191e-05
"HET:KClResp-KO:BasePeaks",0.49064131656266,0.202796778922274,0.778485854203045,1.55183017214178e-07
"KO:KClResp-KO:BasePeaks",0.477299428709889,0.179132381640831,0.775466475778946,1.58214474843543e-06
"HET:GlucOsc-No Cre:GlucOsc",-0.0107577219424786,-0.338324850915038,0.316809407030081,1
"KO:GlucOsc-No Cre:GlucOsc",0.0051901899130895,-0.331483738527768,0.341864118353947,1
"No Cre:GlucPeaks-No Cre:GlucOsc",11.1867046983384,10.8154971011294,11.5579122955475,0
"HET:GlucPeaks-No Cre:GlucOsc",12.7812335350877,12.4536664061151,13.1088006640603,0
"KO:GlucPeaks-No Cre:GlucOsc",11.7472990322228,11.410625103782,12.0839729606637,0
"No Cre:GlucResp-No Cre:GlucOsc",0.311959275962525,-0.0592483212465267,0.683166873171577,0.258829429590842
"HET:GlucResp-No Cre:GlucOsc",0.492589529424685,0.165022400452126,0.820156658397245,1.21615019527122e-05
"KO:GlucResp-No Cre:GlucOsc",0.327423906323908,-0.00925002211694914,0.664097834764766,0.0691681849746204
"No Cre:KClOsc-No Cre:GlucOsc",-0.0604859886909668,-0.431693585900019,0.310721608518085,0.99999999997283
"HET:KClOsc-No Cre:GlucOsc",-0.0694453438670064,-0.397012472839566,0.258121785105553,0.999999992912761
"KO:KClOsc-No Cre:GlucOsc",-0.0552059907090223,-0.39187991914988,0.281467937731835,0.999999999968872
"No Cre:KClPeaks-No Cre:GlucOsc",2.4172842297836,2.04607663257455,2.78849182699265,0
"HET:KClPeaks-No Cre:GlucOsc",2.34480741824484,2.01724028927228,2.6723745472174,0
"KO:KClPeaks-No Cre:GlucOsc",2.53011526133368,2.19344133289282,2.86678918977454,0
"No Cre:KClResp-No Cre:GlucOsc",1.11163245763048,0.74042486042143,1.48284005483953,2.35700348127921e-13
"HET:KClResp-No Cre:GlucOsc",1.11622197169057,0.788654842718014,1.44378910066313,0
"KO:KClResp-No Cre:GlucOsc",1.1028800838378,0.766206155396945,1.43955401227866,0
"KO:GlucOsc-HET:GlucOsc",0.0159479118555681,-0.271896625784817,0.303792449495953,1
"No Cre:GlucPeaks-HET:GlucOsc",11.1974624202809,10.8698952913083,11.5250295492535,0
"HET:GlucPeaks-HET:GlucOsc",12.7919912570302,12.514853443405,13.0691290706553,0
"KO:GlucPeaks-HET:GlucOsc",11.7580567541653,11.4702122165249,12.0459012918057,0
"No Cre:GlucResp-HET:GlucOsc",0.322716997905004,-0.00485013106755539,0.650284126877563,0.0596748689562792
"HET:GlucResp-HET:GlucOsc",0.503347251367164,0.226209437742006,0.780485064992322,1.08666884379716e-08
"KO:GlucResp-HET:GlucOsc",0.338181628266387,0.0503370906260018,0.626026165906772,0.00447402541331021
"No Cre:KClOsc-HET:GlucOsc",-0.0497282667484882,-0.377295395721047,0.277838862224071,0.999999999994341
"HET:KClOsc-HET:GlucOsc",-0.0586876219245278,-0.335825435549686,0.21845019170063,0.999999993076477
"KO:KClOsc-HET:GlucOsc",-0.0444482687665437,-0.332292806406929,0.243396268873841,0.999999999991809
"No Cre:KClPeaks-HET:GlucOsc",2.42804195172608,2.10047482275352,2.75560908069864,0
"HET:KClPeaks-HET:GlucOsc",2.35556514018732,2.07842732656216,2.63270295381248,0
"KO:KClPeaks-HET:GlucOsc",2.54087298327616,2.25302844563577,2.82871752091654,0
"No Cre:KClResp-HET:GlucOsc",1.12239017957296,0.794823050600401,1.44995730854552,0
"HET:KClResp-HET:GlucOsc",1.12697969363305,0.849841880007894,1.40411750725821,0
"KO:KClResp-HET:GlucOsc",1.11363780578028,0.825793268139896,1.40148234342067,0
"No Cre:GlucPeaks-KO:GlucOsc",11.1815145084253,10.8448405799845,11.5181884368662,0
"HET:GlucPeaks-KO:GlucOsc",12.7760433451746,12.4881988075342,13.063887882815,0
"KO:GlucPeaks-KO:GlucOsc",11.7421088423098,11.4439417952407,12.0402758893788,0
"No Cre:GlucResp-KO:GlucOsc",0.306769086049436,-0.0299048423914218,0.643443014490293,0.134421162338575
"HET:GlucResp-KO:GlucOsc",0.487399339511596,0.199554801871211,0.775243877151981,2.01055802118155e-07
"KO:GlucResp-KO:GlucOsc",0.322233716410819,0.0240666693417614,0.620400763479876,0.0176262909423895
"No Cre:KClOsc-KO:GlucOsc",-0.0656761786040563,-0.402350107044914,0.270997749836801,0.999999998745357
"HET:KClOsc-KO:GlucOsc",-0.0746355337800959,-0.362480071420481,0.213209003860289,0.999999594256518
"KO:KClOsc-KO:GlucOsc",-0.0603961806221118,-0.358563227691169,0.237770866446946,0.999999997244041
"No Cre:KClPeaks-KO:GlucOsc",2.41209403987051,2.07542011142965,2.74876796831137,0
"HET:KClPeaks-KO:GlucOsc",2.33961722833175,2.05177269069137,2.62746176597214,0
"KO:KClPeaks-KO:GlucOsc",2.52492507142059,2.22675802435153,2.82309211848965,0
"No Cre:KClResp-KO:GlucOsc",1.10644226771739,0.769768339276535,1.44311619615825,0
"HET:KClResp-KO:GlucOsc",1.11103178177748,0.823187244137099,1.39887631941787,0
"KO:KClResp-KO:GlucOsc",1.09768989392471,0.799522846855656,1.39585694099377,0
"HET:GlucPeaks-No Cre:GlucPeaks",1.59452883674928,1.26696170777672,1.92209596572184,0
"KO:GlucPeaks-No Cre:GlucPeaks",0.560594333884424,0.223920405443567,0.897268262325282,3.81500407375945e-07
"No Cre:GlucResp-No Cre:GlucPeaks",-10.8747454223759,-11.2459530195849,-10.5035378251668,0
"HET:GlucResp-No Cre:GlucPeaks",-10.6941151689137,-11.0216822978863,-10.3665480399412,0
"KO:GlucResp-No Cre:GlucPeaks",-10.8592807920145,-11.1959547204554,-10.5226068635736,0
"No Cre:KClOsc-No Cre:GlucPeaks",-11.2471906870294,-11.6183982842384,-10.8759830898203,0
"HET:KClOsc-No Cre:GlucPeaks",-11.2561500422054,-11.583717171178,-10.9285829132329,0
"KO:KClOsc-No Cre:GlucPeaks",-11.2419106890474,-11.5785846174883,-10.9052367606066,0
"No Cre:KClPeaks-No Cre:GlucPeaks",-8.76942046855482,-9.14062806576387,-8.39821287134576,0
"HET:KClPeaks-No Cre:GlucPeaks",-8.84189728009357,-9.16946440906613,-8.51433015112102,0
"KO:KClPeaks-No Cre:GlucPeaks",-8.65658943700474,-8.99326336544559,-8.31991550856388,0
"No Cre:KClResp-No Cre:GlucPeaks",-10.0750722407079,-10.446279837917,-9.70386464349888,0
"HET:KClResp-No Cre:GlucPeaks",-10.0704827266478,-10.3980498556204,-9.74291559767528,0
"KO:KClResp-No Cre:GlucPeaks",-10.0838246145006,-10.4204985429415,-9.74715068605976,0
"KO:GlucPeaks-HET:GlucPeaks",-1.03393450286485,-1.32177904050524,-0.746089965224467,0
"No Cre:GlucResp-HET:GlucPeaks",-12.4692742591252,-12.7968413880977,-12.1417071301526,0
"HET:GlucResp-HET:GlucPeaks",-12.288644005663,-12.5657818192882,-12.0115061920378,0
"KO:GlucResp-HET:GlucPeaks",-12.4538096287638,-12.7416541664042,-12.1659650911234,0
"No Cre:KClOsc-HET:GlucPeaks",-12.8417195237787,-13.1692866527512,-12.5141523948061,0
"HET:KClOsc-HET:GlucPeaks",-12.8506788789547,-13.1278166925799,-12.5735410653295,0
"KO:KClOsc-HET:GlucPeaks",-12.8364395257967,-13.1242840634371,-12.5485949881563,0
"No Cre:KClPeaks-HET:GlucPeaks",-10.3639493053041,-10.6915164342767,-10.0363821763315,0
"HET:KClPeaks-HET:GlucPeaks",-10.4364261168429,-10.713563930468,-10.1592883032177,0
"KO:KClPeaks-HET:GlucPeaks",-10.251118273754,-10.5389628113944,-9.96327373611363,0
"No Cre:KClResp-HET:GlucPeaks",-11.6696010774572,-11.9971682064298,-11.3420339484847,0
"HET:KClResp-HET:GlucPeaks",-11.6650115633971,-11.9421493770223,-11.387873749772,0
"KO:KClResp-HET:GlucPeaks",-11.6783534512499,-11.9661979888903,-11.3905089136095,0
"No Cre:GlucResp-KO:GlucPeaks",-11.4353397562603,-11.7720136847012,-11.0986658278195,0
"HET:GlucResp-KO:GlucPeaks",-11.2547095027982,-11.5425540404385,-10.9668649651578,0
"KO:GlucResp-KO:GlucPeaks",-11.4198751258989,-11.718042172968,-11.1217080788299,0
"No Cre:KClOsc-KO:GlucPeaks",-11.8077850209138,-12.1444589493547,-11.4711110924729,0
"HET:KClOsc-KO:GlucPeaks",-11.8167443760898,-12.1045889137302,-11.5288998384495,0
"KO:KClOsc-KO:GlucPeaks",-11.8025050229319,-12.1006720700009,-11.5043379758628,0
"No Cre:KClPeaks-KO:GlucPeaks",-9.33001480243924,-9.6666887308801,-8.99334087399838,0
"HET:KClPeaks-KO:GlucPeaks",-9.402491613978,-9.69033615161838,-9.11464707633761,0
"KO:KClPeaks-KO:GlucPeaks",-9.21718377088916,-9.51535081795822,-8.9190167238201,0
"No Cre:KClResp-KO:GlucPeaks",-10.6356665745924,-10.9723405030332,-10.2989926461515,0
"HET:KClResp-KO:GlucPeaks",-10.6310770605323,-10.9189215981727,-10.3432325228919,0
"KO:KClResp-KO:GlucPeaks",-10.644418948385,-10.9425859954541,-10.346251901316,0
"HET:GlucResp-No Cre:GlucResp",0.18063025346216,-0.146936875510399,0.508197382434719,0.945505826527561
"KO:GlucResp-No Cre:GlucResp",0.0154646303613832,-0.321209298079474,0.352138558802241,1
"No Cre:KClOsc-No Cre:GlucResp",-0.372445264653492,-0.743652861862544,-0.00123766744444004,0.0480169946511841
"HET:KClOsc-No Cre:GlucResp",-0.381404619829532,-0.708971748802091,-0.0538374908569724,0.00525535186241821
"KO:KClOsc-No Cre:GlucResp",-0.367165266671548,-0.703839195112405,-0.03049133823069,0.0153863026838859
"No Cre:KClPeaks-No Cre:GlucResp",2.10532495382107,1.73411735661202,2.47653255103013,0
"HET:KClPeaks-No Cre:GlucResp",2.03284814228232,1.70528101330976,2.36041527125488,0
"KO:KClPeaks-No Cre:GlucResp",2.21815598537115,1.8814820569303,2.55482991381201,0
"No Cre:KClResp-No Cre:GlucResp",0.799673181667957,0.428465584458905,1.17088077887701,1.64368518795754e-12
"HET:KClResp-No Cre:GlucResp",0.804262695728049,0.476695566755489,1.13182982470061,1.67865721323324e-13
"KO:KClResp-No Cre:GlucResp",0.790920807875278,0.45424687943442,1.12759473631614,2.25375273998907e-13
"KO:GlucResp-HET:GlucResp",-0.165165623100777,-0.453010160741162,0.122678914539608,0.919431535605544
"No Cre:KClOsc-HET:GlucResp",-0.553075518115652,-0.880642647088211,-0.225508389143093,2.2460132353963e-07
"HET:KClOsc-HET:GlucResp",-0.562034873291692,-0.83917268691685,-0.284897059666534,4.50358639270121e-11
"KO:KClOsc-HET:GlucResp",-0.547795520133708,-0.835640057774093,-0.259950982493322,1.22758225806763e-09
"No Cre:KClPeaks-HET:GlucResp",1.92469470035891,1.59712757138636,2.25226182933147,0
"HET:KClPeaks-HET:GlucResp",1.85221788882016,1.575080075195,2.12935570244531,0
"KO:KClPeaks-HET:GlucResp",2.03752573190899,1.74968119426861,2.32537026954938,0
"No Cre:KClResp-HET:GlucResp",0.619042928205797,0.291475799233237,0.946610057178356,1.72406777743106e-09
"HET:KClResp-HET:GlucResp",0.623632442265888,0.34649462864073,0.900770255891046,3.55160345577588e-13
"KO:KClResp-HET:GlucResp",0.610290554413118,0.322446016772732,0.898135092053503,3.56492613207138e-12
"No Cre:KClOsc-KO:GlucResp",-0.387909895014875,-0.724583823455733,-0.0512359665740176,0.00631614815001647
"HET:KClOsc-KO:GlucResp",-0.396869250190915,-0.6847137878313,-0.10902471255053,0.000138938191528881
"KO:KClOsc-KO:GlucResp",-0.382629897032931,-0.680796944101988,-0.0844628499638732,0.000765848725663765
"No Cre:KClPeaks-KO:GlucResp",2.08986032345969,1.75318639501883,2.42653425190055,0
"HET:KClPeaks-KO:GlucResp",2.01738351192093,1.72953897428055,2.30522804956132,0
"KO:KClPeaks-KO:GlucResp",2.20269135500977,1.90452430794071,2.50085840207883,0
"No Cre:KClResp-KO:GlucResp",0.784208551306574,0.447534622865716,1.12088247974743,2.35922392732846e-13
"HET:KClResp-KO:GlucResp",0.788798065366665,0.50095352772628,1.07664260300705,1.98729921407903e-13
"KO:KClResp-KO:GlucResp",0.775456177513895,0.477289130444837,1.07362322458295,2.10276240864005e-13
"HET:KClOsc-No Cre:KClOsc",-0.00895935517603963,-0.336526484148599,0.31860777379652,1
"KO:KClOsc-No Cre:KClOsc",0.00527999798194445,-0.331393930458913,0.341953926422802,1
"No Cre:KClPeaks-No Cre:KClOsc",2.47777021847457,2.10656262126551,2.84897781568362,0
"HET:KClPeaks-No Cre:KClOsc",2.40529340693581,2.07772627796325,2.73286053590837,0
"KO:KClPeaks-No Cre:KClOsc",2.59060125002465,2.25392732158379,2.9272751784655,0
"No Cre:KClResp-No Cre:KClOsc",1.17211844632145,0.800910849112397,1.5433260435305,0
"HET:KClResp-No Cre:KClOsc",1.17670796038154,0.849140831408981,1.5042750893541,0
"KO:KClResp-No Cre:KClOsc",1.16336607252877,0.826692144087912,1.50004000096963,0
"KO:KClOsc-HET:KClOsc",0.0142393531579841,-0.273605184482401,0.302083890798369,1
"No Cre:KClPeaks-HET:KClOsc",2.48672957365061,2.15916244467805,2.81429670262317,0
"HET:KClPeaks-HET:KClOsc",2.41425276211185,2.13711494848669,2.69139057573701,0
"KO:KClPeaks-HET:KClOsc",2.59956060520069,2.3117160675603,2.88740514284107,0
"No Cre:KClResp-HET:KClOsc",1.18107780149749,0.853510672524929,1.50864493047005,0
"HET:KClResp-HET:KClOsc",1.18566731555758,0.908529501932422,1.46280512918274,0
"KO:KClResp-HET:KClOsc",1.17232542770481,0.884480890064424,1.46016996534519,0
"No Cre:KClPeaks-KO:KClOsc",2.47249022049262,2.13581629205177,2.80916414893348,0
"HET:KClPeaks-KO:KClOsc",2.40001340895386,2.11216887131348,2.68785794659425,0
"KO:KClPeaks-KO:KClOsc",2.5853212520427,2.28715420497364,2.88348829911176,0
"No Cre:KClResp-KO:KClOsc",1.1668384483395,0.830164519898647,1.50351237678036,0
"HET:KClResp-KO:KClOsc",1.1714279623996,0.883583424759211,1.45927250003998,0
"KO:KClResp-KO:KClOsc",1.15808607454683,0.859919027477768,1.45625312161588,0
"HET:KClPeaks-No Cre:KClPeaks",-0.0724768115387584,-0.400043940511318,0.255090317433801,0.999999982966467
"KO:KClPeaks-No Cre:KClPeaks",0.112831031550079,-0.223842896890779,0.449504959990936,0.999952887708673
"No Cre:KClResp-No Cre:KClPeaks",-1.30565177215312,-1.67685936936217,-0.934444174944066,0
"HET:KClResp-No Cre:KClPeaks",-1.30106225809303,-1.62862938706559,-0.973495129120467,0
"KO:KClResp-No Cre:KClPeaks",-1.3144041459458,-1.65107807438665,-0.97773021750494,0
"KO:KClPeaks-HET:KClPeaks",0.185307843088837,-0.102536694551548,0.473152380729222,0.789512805948253
"No Cre:KClResp-HET:KClPeaks",-1.23317496061436,-1.56074208958692,-0.905607831641801,0
"HET:KClResp-HET:KClPeaks",-1.22858544655427,-1.50572326017943,-0.95144763292911,0
"KO:KClResp-HET:KClPeaks",-1.24192733440704,-1.52977187204742,-0.954082796766654,0
"No Cre:KClResp-KO:KClPeaks",-1.4184828037032,-1.75515673214405,-1.08180887526234,0
"HET:KClResp-KO:KClPeaks",-1.41389328964311,-1.70173782728349,-1.12604875200272,0
"KO:KClResp-KO:KClPeaks",-1.42723517749588,-1.72540222456493,-1.12906813042682,0
"HET:KClResp-No Cre:KClResp",0.00458951406009178,-0.322977614912467,0.332156643032651,1
"KO:KClResp-No Cre:KClResp",-0.0087523737926789,-0.345426302233536,0.327921554648179,1
"KO:KClResp-HET:KClResp",-0.0133418878527707,-0.301186425493156,0.274502649787615,1
